{"mean": [0.42219899995976445, 0.46239071017659156, 0.47634713550147795], "std": [0.26414896224536666, 0.27679260720528986, 0.30377056266707986]}