{"mean": [0.4254048981870173, 0.46239995743639717, 0.47230477962266737], "std": [0.2634968457196858, 0.2742852219860334, 0.30102422166764375]}