{"mean": [0.3686003715533088, 0.4091938113596133, 0.4174557602719907], "std": [0.25371285950523553, 0.269384527676295, 0.2849590970626312]}